sequence,repeat,mode,threads,iterations_per_thread,total_operations,elapsed_seconds,operations_per_second,ns_per_operation,checksum,correct,cache_line_bytes,counter_stride_bytes,active_cache_lines,cpu_ids,cgroup_throttled_usec_delta
1,1,packed,4,10000000,40000000,0.6483799,61692227.0416,16.2094975,40000000,1,64,8,1,0;1;2;3,0
2,1,true_shared,2,10000000,20000000,0.160374766,124707898.249,8.0187383,20000000,1,64,0,1,0;1,0
3,1,padded,1,10000000,10000000,0.082659688,120977954.816,8.2659688,10000000,1,64,64,1,0,0
4,1,padded,8,10000000,80000000,0.348724475,229407471.328,4.3590559375,80000000,1,64,64,8,0;1;2;3;4;5;6;7,0
5,1,true_shared,8,10000000,80000000,1.871687545,42742176.8199,23.3960943125,80000000,1,64,0,1,0;1;2;3;4;5;6;7,110561
6,1,packed,8,10000000,80000000,1.886800455,42399820.176,23.5850056875,80000000,1,64,8,1,0;1;2;3;4;5;6;7,50229
7,1,true_shared,1,10000000,10000000,0.088182066,113401743.162,8.8182066,10000000,1,64,0,1,0,0
8,1,packed,1,10000000,10000000,0.073444583,136157080.502,7.3444583,10000000,1,64,8,1,0,0
9,1,true_shared,9,10000000,90000000,2.165677874,41557426.9288,24.0630874889,90000000,1,64,0,1,0;1;2;3;4;5;6;7;8,887109
10,1,padded,2,10000000,20000000,0.186184266,107420462.694,9.3092133,20000000,1,64,64,2,0;1,0
11,1,packed,9,10000000,90000000,1.896359347,47459359.505,21.0706594111,90000000,1,64,8,2,0;1;2;3;4;5;6;7;8,67737
12,1,padded,9,10000000,90000000,0.1799103,500249290.897,1.99900333333,90000000,1,64,64,9,0;1;2;3;4;5;6;7;8,1922
13,1,packed,2,10000000,20000000,0.162294917,123232448.494,8.11474585,20000000,1,64,8,1,0;1,0
14,1,padded,4,10000000,40000000,0.175296385,228184967.99,4.382409625,40000000,1,64,64,4,0;1;2;3,0
15,1,true_shared,4,10000000,40000000,0.529720569,75511509.9184,13.243014225,40000000,1,64,0,1,0;1;2;3,0
16,2,true_shared,9,10000000,90000000,2.500869737,35987480.1428,27.7874415222,90000000,1,64,0,1,0;1;2;3;4;5;6;7;8,2064843
17,2,packed,2,10000000,20000000,0.182561045,109552396.57,9.12805225,20000000,1,64,8,1,0;1,0
18,2,true_shared,8,10000000,80000000,1.850168605,43239302.5067,23.1271075625,80000000,1,64,0,1,0;1;2;3;4;5;6;7,32275
19,2,padded,8,10000000,80000000,0.193720544,412966009.429,2.4215068,80000000,1,64,64,8,0;1;2;3;4;5;6;7,7008
20,2,padded,9,10000000,90000000,0.181566933,495684971.448,2.01741036667,90000000,1,64,64,9,0;1;2;3;4;5;6;7;8,11502
21,2,packed,4,10000000,40000000,0.636353333,62858160.5936,15.908833325,40000000,1,64,8,1,0;1;2;3,0
22,2,padded,2,10000000,20000000,0.179581818,111369849.257,8.9790909,20000000,1,64,64,2,0;1,0
23,2,true_shared,1,10000000,10000000,0.075369178,132680231.699,7.5369178,10000000,1,64,0,1,0,0
24,2,true_shared,2,10000000,20000000,0.165329656,120970432.552,8.2664828,20000000,1,64,0,1,0;1,0
25,2,padded,4,10000000,40000000,0.173802116,230146795.221,4.3450529,40000000,1,64,64,4,0;1;2;3,0
26,2,packed,8,10000000,80000000,1.900233585,42100087.3953,23.7529198125,80000000,1,64,8,1,0;1;2;3;4;5;6;7,21518
27,2,true_shared,4,10000000,40000000,0.611310985,65433144.4739,15.282774625,40000000,1,64,0,1,0;1;2;3,0
28,2,packed,9,10000000,90000000,1.876743864,47955398.5636,20.8527096,90000000,1,64,8,2,0;1;2;3;4;5;6;7;8,71344
29,2,packed,1,10000000,10000000,0.069675173,143523145.612,6.9675173,10000000,1,64,8,1,0,0
30,2,padded,1,10000000,10000000,0.076962882,129932764.212,7.6962882,10000000,1,64,64,1,0,0
31,3,packed,9,10000000,90000000,1.813933942,49615919.2549,20.1548215778,90000000,1,64,8,2,0;1;2;3;4;5;6;7;8,72095
32,3,true_shared,1,10000000,10000000,0.072538048,137858686.244,7.2538048,10000000,1,64,0,1,0,0
33,3,true_shared,4,10000000,40000000,0.515017555,77667255.4395,12.875438875,40000000,1,64,0,1,0;1;2;3,0
34,3,packed,2,10000000,20000000,0.158968871,125810794.744,7.94844355,20000000,1,64,8,1,0;1,0
35,3,padded,1,10000000,10000000,0.075452697,132533367.23,7.5452697,10000000,1,64,64,1,0,0
36,3,true_shared,9,10000000,90000000,2.137197967,42111213.5561,23.7466440778,90000000,1,64,0,1,0;1;2;3;4;5;6;7;8,896646
37,3,padded,8,10000000,80000000,0.179320223,446129268.978,2.2415027875,80000000,1,64,64,8,0;1;2;3;4;5;6;7,7820
38,3,true_shared,2,10000000,20000000,0.157909129,126655122.01,7.89545645,20000000,1,64,0,1,0;1,0
39,3,padded,4,10000000,40000000,0.177074238,225893955.28,4.42685595,40000000,1,64,64,4,0;1;2;3,0
40,3,packed,8,10000000,80000000,1.886997341,42395396.253,23.5874667625,80000000,1,64,8,1,0;1;2;3;4;5;6;7,15154
41,3,padded,9,10000000,90000000,0.182069551,494316592.235,2.02299501111,90000000,1,64,64,9,0;1;2;3;4;5;6;7;8,21773
42,3,packed,1,10000000,10000000,0.076551179,130631560.88,7.6551179,10000000,1,64,8,1,0,0
43,3,true_shared,8,10000000,80000000,2.004667538,39906866.5919,25.058344225,80000000,1,64,0,1,0;1;2;3;4;5;6;7,262961
44,3,packed,4,10000000,40000000,0.609812415,65593941.7042,15.245310375,40000000,1,64,8,1,0;1;2;3,0
45,3,padded,2,10000000,20000000,0.171860456,116373483.846,8.5930228,20000000,1,64,64,2,0;1,0
46,4,true_shared,8,10000000,80000000,1.828266629,43757293.7837,22.8533328625,80000000,1,64,0,1,0;1;2;3;4;5;6;7,19052
47,4,packed,8,10000000,80000000,1.844313835,43376565.5724,23.0539229375,80000000,1,64,8,1,0;1;2;3;4;5;6;7,38008
48,4,packed,9,10000000,90000000,1.822935996,49370905.066,20.2548444,90000000,1,64,8,2,0;1;2;3;4;5;6;7;8,18905
49,4,true_shared,1,10000000,10000000,0.074229091,134718071.652,7.4229091,10000000,1,64,0,1,0,0
50,4,padded,2,10000000,20000000,0.174538441,114587937.68,8.72692205,20000000,1,64,64,2,0;1,0
51,4,padded,1,10000000,10000000,0.065889878,151768379.356,6.5889878,10000000,1,64,64,1,0,0
52,4,packed,1,10000000,10000000,0.075803781,131919541.058,7.5803781,10000000,1,64,8,1,0,0
53,4,true_shared,2,10000000,20000000,0.168778854,118498256.897,8.4389427,20000000,1,64,0,1,0;1,0
54,4,padded,8,10000000,80000000,0.181339669,441161056.713,2.2667458625,80000000,1,64,64,8,0;1;2;3;4;5;6;7,0
55,4,packed,4,10000000,40000000,0.603646175,66263983.2017,15.091154375,40000000,1,64,8,1,0;1;2;3,0
56,4,true_shared,9,10000000,90000000,2.063917002,43606404.6727,22.9324111333,90000000,1,64,0,1,0;1;2;3;4;5;6;7;8,899718
57,4,padded,9,10000000,90000000,0.492247423,182834883.018,5.46941581111,90000000,1,64,64,9,0;1;2;3;4;5;6;7;8,6469
58,4,packed,2,10000000,20000000,0.221926369,90119980.2895,11.09631845,20000000,1,64,8,1,0;1,0
59,4,true_shared,4,10000000,40000000,0.531320688,75284100.3624,13.2830172,40000000,1,64,0,1,0;1;2;3,0
60,4,padded,4,10000000,40000000,0.167376902,238981600.938,4.18442255,40000000,1,64,64,4,0;1;2;3,0
61,5,true_shared,4,10000000,40000000,0.763545613,52387178.0794,19.088640325,40000000,1,64,0,1,0;1;2;3,0
62,5,packed,8,10000000,80000000,1.654875617,48342001.7663,20.6859452125,80000000,1,64,8,1,0;1;2;3;4;5;6;7,76493
63,5,true_shared,2,10000000,20000000,0.166057498,120440210.414,8.3028749,20000000,1,64,0,1,0;1,0
64,5,packed,4,10000000,40000000,0.619789686,64538021.37,15.49474215,40000000,1,64,8,1,0;1;2;3,0
65,5,padded,1,10000000,10000000,0.076109248,131390077.59,7.6109248,10000000,1,64,64,1,0,0
66,5,padded,8,10000000,80000000,0.183230394,436608786.64,2.290379925,80000000,1,64,64,8,0;1;2;3;4;5;6;7,6000
67,5,packed,2,10000000,20000000,0.153722921,130104215.233,7.68614605,20000000,1,64,8,1,0;1,0
68,5,padded,4,10000000,40000000,0.525534385,76113002.5774,13.138359625,40000000,1,64,64,4,0;1;2;3,0
69,5,true_shared,1,10000000,10000000,0.092559346,108038792.755,9.2559346,10000000,1,64,0,1,0,0
70,5,padded,9,10000000,90000000,0.611840625,147097130.074,6.79822916667,90000000,1,64,64,9,0;1;2;3;4;5;6;7;8,0
71,5,true_shared,9,10000000,90000000,2.134315385,42168088.4805,23.7146153889,90000000,1,64,0,1,0;1;2;3;4;5;6;7;8,885884
72,5,padded,2,10000000,20000000,0.181405133,110250463.53,9.07025665,20000000,1,64,64,2,0;1,0
73,5,true_shared,8,10000000,80000000,1.659584931,48204824.2941,20.7448116375,80000000,1,64,0,1,0;1;2;3;4;5;6;7,22461
74,5,packed,1,10000000,10000000,0.074646581,133964608.506,7.4646581,10000000,1,64,8,1,0,0
75,5,packed,9,10000000,90000000,1.78059446,50544917.4541,19.7843828889,90000000,1,64,8,2,0;1;2;3;4;5;6;7;8,62464
76,6,packed,4,10000000,40000000,0.605657778,66043897.1528,15.14144445,40000000,1,64,8,1,0;1;2;3,0
77,6,padded,2,10000000,20000000,0.221744974,90193701.5267,11.0872487,20000000,1,64,64,2,0;1,0
78,6,true_shared,8,10000000,80000000,1.721654823,46466921.7844,21.5206852875,80000000,1,64,0,1,0;1;2;3;4;5;6;7,28911
79,6,packed,2,10000000,20000000,0.16383869,122071288.534,8.1919345,20000000,1,64,8,1,0;1,0
80,6,padded,4,10000000,40000000,0.176238789,226964791.502,4.405969725,40000000,1,64,64,4,0;1;2;3,0
81,6,packed,8,10000000,80000000,1.667240073,47983491.5772,20.8405009125,80000000,1,64,8,1,0;1;2;3;4;5;6;7,19301
82,6,packed,9,10000000,90000000,1.699208656,52965831.8784,18.8800961778,90000000,1,64,8,2,0;1;2;3;4;5;6;7;8,29242
83,6,true_shared,2,10000000,20000000,0.161960523,123486882.047,8.09802615,20000000,1,64,0,1,0;1,0
84,6,true_shared,1,10000000,10000000,0.078921031,126708937.697,7.8921031,10000000,1,64,0,1,0,0
85,6,true_shared,4,10000000,40000000,0.617835052,64742199.1849,15.4458763,40000000,1,64,0,1,0;1;2;3,0
86,6,padded,1,10000000,10000000,0.069682318,143508429.212,6.9682318,10000000,1,64,64,1,0,0
87,6,padded,8,10000000,80000000,0.201528298,396966583.819,2.519103725,80000000,1,64,64,8,0;1;2;3;4;5;6;7,1915
88,6,padded,9,10000000,90000000,0.230671386,390165427.8,2.5630154,90000000,1,64,64,9,0;1;2;3;4;5;6;7;8,64447
89,6,true_shared,9,10000000,90000000,2.023881358,44469009.8282,22.4875706444,90000000,1,64,0,1,0;1;2;3;4;5;6;7;8,980446
90,6,packed,1,10000000,10000000,0.071954181,138977330.588,7.1954181,10000000,1,64,8,1,0,0
91,7,padded,8,10000000,80000000,0.191783913,417136133.832,2.3972989125,80000000,1,64,64,8,0;1;2;3;4;5;6;7,0
92,7,packed,1,10000000,10000000,0.069848186,143167640.746,6.9848186,10000000,1,64,8,1,0,0
93,7,packed,8,10000000,80000000,1.765727255,45307110.582,22.0715906875,80000000,1,64,8,1,0;1;2;3;4;5;6;7,15621
94,7,padded,1,10000000,10000000,0.077530112,128982143.093,7.7530112,10000000,1,64,64,1,0,0
95,7,padded,9,10000000,90000000,0.204847048,439352194.131,2.27607831111,90000000,1,64,64,9,0;1;2;3;4;5;6;7;8,9419
96,7,padded,4,10000000,40000000,0.178947787,223528888.904,4.473694675,40000000,1,64,64,4,0;1;2;3,0
97,7,true_shared,2,10000000,20000000,0.156452564,127834274.419,7.8226282,20000000,1,64,0,1,0;1,0
98,7,packed,9,10000000,90000000,1.78462053,50430889.0809,19.829117,90000000,1,64,8,2,0;1;2;3;4;5;6;7;8,54405
99,7,true_shared,1,10000000,10000000,0.069812095,143241654.616,6.9812095,10000000,1,64,0,1,0,0
100,7,true_shared,8,10000000,80000000,1.702641379,46985819.2023,21.2830172375,80000000,1,64,0,1,0;1;2;3;4;5;6;7,26361
101,7,true_shared,9,10000000,90000000,1.981571473,45418498.0084,22.0174608111,90000000,1,64,0,1,0;1;2;3;4;5;6;7;8,822863
102,7,packed,2,10000000,20000000,0.15512195,128930818.624,7.7560975,20000000,1,64,8,1,0;1,0
103,7,padded,2,10000000,20000000,0.282902002,70695858.8437,14.1451001,20000000,1,64,64,2,0;1,0
104,7,packed,4,10000000,40000000,0.617021979,64827512.4086,15.425549475,40000000,1,64,8,1,0;1;2;3,0
105,7,true_shared,4,10000000,40000000,0.610032212,65570307.9496,15.2508053,40000000,1,64,0,1,0;1;2;3,0
