mode,threads,samples,median_seconds,min_seconds,max_seconds,median_ops_per_sec,min_ops_per_sec,max_ops_per_sec,q1_ops_per_sec,q3_ops_per_sec,active_cache_lines,runs_with_cgroup_throttling
packed,1,7,0.073444583,0.069675173,0.076551179,136157080.502,130631560.88,143523145.612,132942074.782,141072485.667,1,0
packed,2,7,0.162294917,0.153722921,0.221926369,123232448.494,90119980.2895,130104215.233,115811842.55199999,127370806.684,1,0
packed,4,7,0.617021979,0.603646175,0.6483799,64827512.4086,61692227.0416,66263983.2017,63698090.9818,65818919.4285,1,0
packed,8,7,1.844313835,1.654875617,1.900233585,43376565.5724,42100087.3953,48342001.7663,42397608.214499995,46645301.07960001,1,7
packed,9,7,1.813933942,1.699208656,1.896359347,49615919.2549,47459359.505,52965831.8784,48663151.8148,50487903.2675,2,7
padded,1,7,0.076109248,0.065889878,0.082659688,131390077.59,120977954.816,151768379.356,129457453.6525,138020898.22100002,1,0
padded,2,7,0.181405133,0.171860456,0.282902002,110250463.53,70695858.8437,116373483.846,98807082.11035001,112978893.4685,2,0
padded,4,7,0.176238789,0.167376902,0.525534385,226964791.502,76113002.5774,238981600.938,224711422.092,229165881.60549998,4,0
padded,8,7,0.191783913,0.179320223,0.348724475,417136133.832,229407471.328,446129268.978,404966296.624,438884921.67649996,8,4
padded,9,7,0.204847048,0.1799103,0.611840625,439352194.131,147097130.074,500249290.897,286500155.40900004,495000781.84150004,9,6
true_shared,1,7,0.075369178,0.069812095,0.092559346,132680231.699,108038792.755,143241654.616,120055340.4295,136288378.948,1,0
true_shared,2,7,0.161960523,0.156452564,0.168778854,123486882.047,118498256.897,127834274.419,120705321.48300001,125681510.1295,1,0
true_shared,4,7,0.610032212,0.515017555,0.763545613,65570307.9496,52387178.0794,77667255.4395,65087671.8294,75397805.14039999,1,0
true_shared,8,7,1.828266629,1.659584931,2.004667538,43757293.7837,39906866.5919,48204824.2941,42990739.6633,46726370.49335,1,7
true_shared,9,7,2.134315385,1.981571473,2.500869737,42168088.4805,35987480.1428,45418498.0084,41834320.24245,44037707.25045,1,7
