run,threads,method,time_ms
1,1,mutex,15
1,1,spinlock,13
1,1,atomic,5
1,2,mutex,74
1,2,spinlock,115
1,2,atomic,21
1,4,mutex,121
1,4,spinlock,521
1,4,atomic,52
1,8,mutex,553
1,8,spinlock,2025
1,8,atomic,122
2,1,mutex,33
2,1,spinlock,12
2,1,atomic,6
2,2,mutex,76
2,2,spinlock,102
2,2,atomic,22
2,4,mutex,128
2,4,spinlock,398
2,4,atomic,48
3,2,mutex,82
3,2,spinlock,91
3,2,atomic,23
3,4,mutex,178
3,4,spinlock,511
3,4,atomic,55
3,8,mutex,590
3,8,spinlock,1706
3,8,atomic,136
4,1,mutex,14
4,1,spinlock,12
4,1,atomic,7
4,2,mutex,89
4,2,spinlock,100
4,2,atomic,23
4,4,mutex,149
4,4,spinlock,418
4,4,atomic,45
4,8,mutex,559
4,8,spinlock,1268
4,8,atomic,109
