Case,Language Or Architecture,Guarantee Or Result,Example Or Mapping,Caveat
Ordinary load/store ordering,x86-64 architecture,"Loads are ordered with loads, stores with stores, and stores with older loads; a load may pass an older store to a different address. [1]","Store Buffering with x=0,y=0; each thread stores one variable then loads the other; both loads may return 0. [1]","Scope is coherent write-back memory, not I/O or every special memory operation. [1]"
Relaxed atomic load,C++ contract plus x86-64 lowering,"Atomic access is indivisible for its atomic object, but relaxed creates no operation ordering. [2]","GCC 14.2.0, x86-64 default target, -O2: MOV load.","This is one compiler build's output, not a required universal lowering."
Acquire load / release store,C++ contract plus x86-64 lowering,Release/acquire can synchronize when the acquire reads from the release sequence headed by the release operation. [2],"GCC 14.2.0, x86-64 default target, -O2: MOV for acquire load and release store.",Same instruction as relaxed in this tested build does not erase the distinct C++ compiler-level contract.
Sequentially consistent atomic operations,C++ contract plus x86-64 lowering,SC operations participate in a single total order under the standard's constraints; the strongest SC guarantee has conditions and weaker operations affect the guarantee. [2],"GCC 14.2.0, x86-64 default target, -O2: SC store emitted XCHG; fetch_add emitted LOCK XADD.",Exact lowering varies by compiler and target; LLVM documents an x86 MFENCE lowering for SC fences. [3]
Locked read-modify-write,x86-64 architecture,Locked instructions have a total order and ordinary loads/stores are not reordered with them. [1],LOCK XADD and LOCK CMPXCHG are representative atomic RMW instructions.,"Verify instruction, alignment, and memory-type constraints against current vendor manuals before relying on special cases."
Compiler mapping in general,Compiler implementation,Atomic memory orders constrain code motion and may map to target instructions or fences; the target selects patterns and unsupported lock-free sequences may call runtime support. [4],Compare emitted assembly from the supplied C++ source using the recorded GCC command.,Never treat a C++ memory_order as a one-to-one mnemonic mapping.
Message passing (MP),x86-64 + C++ atomics,"With atomic locations, relaxed C++ permits seeing publication flag=1 with stale payload; x86 write-back memory forbids the corresponding store-store/load-load outcome. [5, 2]",Writer: payload.store(1); ready.store(1). Reader: read ready then payload. Release/acquire on ready synchronizes when acquire reads the release value. [6],The example uses atomic payload to keep relaxed variant defined; release/acquire on publication flag is the portable synchronizing version. [2]
IRIW (independent reads of independent writes),x86-64 + C++ atomics,"Opposite read orders (x=1,y=0 versus y=1,x=0) are forbidden on x86 and with all operations seq_cst; the relaxed C++ model permits the split view. [7, 2]",Two writers independently store x=1 and y=1; two readers load x-then-y and y-then-x. [7],Keep all accesses atomic when comparing C++ relaxed behavior; plain racy accesses are not a valid language-level litmus test. [2]
"[1] sjkuo. Intel® 64 Architecture Memory Ordering White Paper."
"[2] [atomics.order]."
"[3] LLVM Atomic Instructions and Concurrency Guide."
"[4] __atomic Builtins (Using the GNU Compiler Collection (GCC))."
"[5] The Semantics of x86 Multiprocessor Machine Code."
"[6] Thread coordination using Boost.Atomic."
"[7] Will two atomic writes to different locations in different threads always be seen in the same order by other threads?."
